Driver,LapNumber,LapTime,Compound,TyreLife,Stint,TrackStatus,PitInTime,PitOutTime,Sector1Time,Sector2Time,Sector3Time,Position,LapTimeSeconds,Sector1TimeSeconds,Sector2TimeSeconds,Sector3TimeSeconds,Year,GrandPrix,Session
RUS,1.0,0 days 00:01:38.178000,nan,,,12,,,,0 days 00:00:35.704000,0 days 00:00:26.329000,4.0,98.178,,35.704,26.329,2025,Miami,R
RUS,2.0,0 days 00:01:52.831000,nan,,,126,,,0 days 00:00:31.940000,0 days 00:00:48.138000,0 days 00:00:32.753000,4.0,112.831,31.94,48.138,32.753,2025,Miami,R
RUS,3.0,0 days 00:02:04.090000,nan,,,671,,,0 days 00:00:43.671000,0 days 00:00:49.087000,0 days 00:00:31.332000,4.0,124.09,43.671,49.087,31.332,2025,Miami,R
RUS,4.0,0 days 00:01:32.646000,nan,,,1,,,0 days 00:00:31.480000,0 days 00:00:35.224000,0 days 00:00:25.942000,4.0,92.646,31.48,35.224,25.942,2025,Miami,R
RUS,5.0,0 days 00:01:32.779000,nan,,,1,,,0 days 00:00:31.580000,0 days 00:00:35.190000,0 days 00:00:26.009000,4.0,92.779,31.58,35.19,26.009,2025,Miami,R
RUS,6.0,0 days 00:01:33.036000,nan,,,1,,,0 days 00:00:31.423000,0 days 00:00:35.469000,0 days 00:00:26.144000,4.0,93.036,31.423,35.469,26.144,2025,Miami,R
RUS,7.0,0 days 00:01:34.362000,nan,,,1,,,0 days 00:00:32.601000,0 days 00:00:35.612000,0 days 00:00:26.149000,5.0,94.362,32.601,35.612,26.149,2025,Miami,R
RUS,8.0,0 days 00:01:33.136000,nan,,,1,,,0 days 00:00:31.678000,0 days 00:00:35.346000,0 days 00:00:26.112000,5.0,93.136,31.678,35.346,26.112,2025,Miami,R
RUS,9.0,0 days 00:01:32.951000,nan,,,1,,,0 days 00:00:31.529000,0 days 00:00:35.372000,0 days 00:00:26.050000,5.0,92.951,31.529,35.372,26.05,2025,Miami,R
RUS,10.0,0 days 00:01:33.161000,nan,,,1,,,0 days 00:00:31.483000,0 days 00:00:35.414000,0 days 00:00:26.264000,5.0,93.161,31.483,35.414,26.264,2025,Miami,R
RUS,11.0,0 days 00:01:32.670000,nan,,,1,,,0 days 00:00:31.448000,0 days 00:00:35.085000,0 days 00:00:26.137000,5.0,92.67,31.448,35.085,26.137,2025,Miami,R
RUS,12.0,0 days 00:01:32.836000,nan,,,1,,,0 days 00:00:31.529000,0 days 00:00:35.167000,0 days 00:00:26.140000,5.0,92.836,31.529,35.167,26.14,2025,Miami,R
RUS,13.0,0 days 00:01:32.829000,nan,,,1,,,0 days 00:00:31.434000,0 days 00:00:35.299000,0 days 00:00:26.096000,5.0,92.829,31.434,35.299,26.096,2025,Miami,R
RUS,14.0,0 days 00:01:32.719000,nan,,,1,,,0 days 00:00:31.430000,0 days 00:00:35.251000,0 days 00:00:26.038000,5.0,92.719,31.43,35.251,26.038,2025,Miami,R
RUS,15.0,0 days 00:01:32.755000,nan,,,1,,,0 days 00:00:31.446000,0 days 00:00:35.251000,0 days 00:00:26.058000,5.0,92.755,31.446,35.251,26.058,2025,Miami,R
RUS,16.0,0 days 00:01:32.886000,nan,,,1,,,0 days 00:00:31.440000,0 days 00:00:35.408000,0 days 00:00:26.038000,5.0,92.886,31.44,35.408,26.038,2025,Miami,R
RUS,17.0,0 days 00:01:32.690000,nan,,,1,,,0 days 00:00:31.326000,0 days 00:00:35.343000,0 days 00:00:26.021000,5.0,92.69,31.326,35.343,26.021,2025,Miami,R
RUS,18.0,0 days 00:01:33.100000,nan,,,1,,,0 days 00:00:31.459000,0 days 00:00:35.563000,0 days 00:00:26.078000,5.0,93.1,31.459,35.563,26.078,2025,Miami,R
RUS,19.0,0 days 00:01:32.858000,nan,,,1,,,0 days 00:00:31.373000,0 days 00:00:35.482000,0 days 00:00:26.003000,5.0,92.858,31.373,35.482,26.003,2025,Miami,R
RUS,20.0,0 days 00:01:32.751000,nan,,,1,,,0 days 00:00:31.416000,0 days 00:00:35.334000,0 days 00:00:26.001000,5.0,92.751,31.416,35.334,26.001,2025,Miami,R
RUS,21.0,0 days 00:01:32.820000,nan,,,1,,,0 days 00:00:31.461000,0 days 00:00:35.381000,0 days 00:00:25.978000,5.0,92.82,31.461,35.381,25.978,2025,Miami,R
RUS,22.0,0 days 00:01:32.592000,nan,,,1,,,0 days 00:00:31.237000,0 days 00:00:35.359000,0 days 00:00:25.996000,5.0,92.592,31.237,35.359,25.996,2025,Miami,R
RUS,23.0,0 days 00:01:32.432000,nan,,,1,,,0 days 00:00:31.176000,0 days 00:00:35.363000,0 days 00:00:25.893000,5.0,92.432,31.176,35.363,25.893,2025,Miami,R
RUS,24.0,0 days 00:01:32.540000,nan,,,1,,,0 days 00:00:31.217000,0 days 00:00:35.403000,0 days 00:00:25.920000,5.0,92.54,31.217,35.403,25.92,2025,Miami,R
RUS,25.0,0 days 00:01:32.356000,HARD,1.0,1.0,1,,,0 days 00:00:31.111000,0 days 00:00:35.349000,0 days 00:00:25.896000,4.0,92.356,31.111,35.349,25.896,2025,Miami,R
RUS,26.0,0 days 00:01:32.020000,HARD,2.0,1.0,1,,,0 days 00:00:30.870000,0 days 00:00:35.247000,0 days 00:00:25.903000,3.0,92.02,30.87,35.247,25.903,2025,Miami,R
RUS,27.0,0 days 00:01:32.164000,HARD,3.0,1.0,1,,,0 days 00:00:30.861000,0 days 00:00:35.371000,0 days 00:00:25.932000,3.0,92.164,30.861,35.371,25.932,2025,Miami,R
RUS,28.0,0 days 00:01:32.391000,HARD,4.0,1.0,1,,,0 days 00:00:30.769000,0 days 00:00:35.365000,0 days 00:00:26.257000,3.0,92.391,30.769,35.365,26.257,2025,Miami,R
RUS,29.0,0 days 00:02:08.381000,HARD,5.0,1.0,16,0 days 01:43:33.026000,,0 days 00:00:41.391000,0 days 00:00:47.835000,0 days 00:00:39.155000,3.0,128.381,41.391,47.835,39.155,2025,Miami,R
RUS,30.0,0 days 00:01:45.845000,HARD,6.0,1.0,671,,0 days 01:43:57.234000,0 days 00:00:46.040000,0 days 00:00:34.209000,0 days 00:00:25.596000,3.0,105.845,46.04,34.209,25.596,2025,Miami,R
RUS,31.0,0 days 00:01:30.318000,HARD,7.0,1.0,1,,,0 days 00:00:30.102000,0 days 00:00:34.570000,0 days 00:00:25.646000,3.0,90.318,30.102,34.57,25.646,2025,Miami,R
RUS,32.0,0 days 00:01:31.208000,HARD,8.0,1.0,1,,,0 days 00:00:30.209000,0 days 00:00:34.970000,0 days 00:00:26.029000,3.0,91.208,30.209,34.97,26.029,2025,Miami,R
RUS,33.0,0 days 00:01:58.663000,MEDIUM,1.0,2.0,167,,,0 days 00:00:38.246000,0 days 00:00:47.145000,0 days 00:00:33.272000,3.0,118.663,38.246,47.145,33.272,2025,Miami,R
RUS,34.0,0 days 00:01:30.826000,MEDIUM,2.0,2.0,1,,,0 days 00:00:30.357000,0 days 00:00:34.736000,0 days 00:00:25.733000,3.0,90.826,30.357,34.736,25.733,2025,Miami,R
RUS,35.0,0 days 00:01:30.856000,MEDIUM,3.0,2.0,1,,,0 days 00:00:30.327000,0 days 00:00:34.820000,0 days 00:00:25.709000,3.0,90.856,30.327,34.82,25.709,2025,Miami,R
RUS,36.0,0 days 00:01:31.119000,MEDIUM,4.0,2.0,1,,,0 days 00:00:30.419000,0 days 00:00:34.851000,0 days 00:00:25.849000,3.0,91.119,30.419,34.851,25.849,2025,Miami,R
RUS,37.0,0 days 00:01:31.197000,MEDIUM,5.0,2.0,1,,,0 days 00:00:30.416000,0 days 00:00:34.951000,0 days 00:00:25.830000,3.0,91.197,30.416,34.951,25.83,2025,Miami,R
RUS,38.0,0 days 00:01:30.859000,MEDIUM,6.0,2.0,1,,,0 days 00:00:30.202000,0 days 00:00:34.839000,0 days 00:00:25.818000,3.0,90.859,30.202,34.839,25.818,2025,Miami,R
RUS,39.0,0 days 00:01:31,MEDIUM,7.0,2.0,1,,,0 days 00:00:30.272000,0 days 00:00:34.908000,0 days 00:00:25.820000,3.0,91.0,30.272,34.908,25.82,2025,Miami,R
RUS,40.0,0 days 00:01:30.903000,MEDIUM,8.0,2.0,1,,,0 days 00:00:30.201000,0 days 00:00:34.895000,0 days 00:00:25.807000,3.0,90.903,30.201,34.895,25.807,2025,Miami,R
RUS,41.0,0 days 00:01:30.848000,MEDIUM,9.0,2.0,1,,,0 days 00:00:30.198000,0 days 00:00:34.915000,0 days 00:00:25.735000,3.0,90.848,30.198,34.915,25.735,2025,Miami,R
RUS,42.0,0 days 00:01:30.755000,MEDIUM,10.0,2.0,1,,,0 days 00:00:30.082000,0 days 00:00:34.867000,0 days 00:00:25.806000,3.0,90.755,30.082,34.867,25.806,2025,Miami,R
RUS,43.0,0 days 00:01:30.960000,MEDIUM,11.0,2.0,1,,,0 days 00:00:30.116000,0 days 00:00:35.035000,0 days 00:00:25.809000,3.0,90.96,30.116,35.035,25.809,2025,Miami,R
RUS,44.0,0 days 00:01:30.795000,MEDIUM,12.0,2.0,1,,,0 days 00:00:30.109000,0 days 00:00:34.904000,0 days 00:00:25.782000,3.0,90.795,30.109,34.904,25.782,2025,Miami,R
RUS,45.0,0 days 00:01:30.837000,MEDIUM,13.0,2.0,1,,,0 days 00:00:30.161000,0 days 00:00:34.916000,0 days 00:00:25.760000,3.0,90.837,30.161,34.916,25.76,2025,Miami,R
RUS,46.0,0 days 00:01:30.778000,MEDIUM,14.0,2.0,1,,,0 days 00:00:30.145000,0 days 00:00:34.837000,0 days 00:00:25.796000,3.0,90.778,30.145,34.837,25.796,2025,Miami,R
RUS,47.0,0 days 00:01:30.879000,MEDIUM,15.0,2.0,1,,,0 days 00:00:30.224000,0 days 00:00:34.884000,0 days 00:00:25.771000,3.0,90.879,30.224,34.884,25.771,2025,Miami,R
RUS,48.0,0 days 00:01:30.821000,MEDIUM,16.0,2.0,1,,,0 days 00:00:30.211000,0 days 00:00:34.846000,0 days 00:00:25.764000,3.0,90.821,30.211,34.846,25.764,2025,Miami,R
RUS,49.0,0 days 00:01:30.942000,MEDIUM,17.0,2.0,1,,,0 days 00:00:30.212000,0 days 00:00:34.999000,0 days 00:00:25.731000,3.0,90.942,30.212,34.999,25.731,2025,Miami,R
RUS,50.0,0 days 00:01:30.752000,MEDIUM,18.0,2.0,1,,,0 days 00:00:30.173000,0 days 00:00:34.797000,0 days 00:00:25.782000,3.0,90.752,30.173,34.797,25.782,2025,Miami,R
RUS,51.0,0 days 00:01:30.644000,MEDIUM,19.0,2.0,1,,,0 days 00:00:30.093000,0 days 00:00:34.846000,0 days 00:00:25.705000,3.0,90.644,30.093,34.846,25.705,2025,Miami,R
RUS,52.0,0 days 00:01:30.637000,MEDIUM,20.0,2.0,1,,,0 days 00:00:30.065000,0 days 00:00:34.810000,0 days 00:00:25.762000,3.0,90.637,30.065,34.81,25.762,2025,Miami,R
RUS,53.0,0 days 00:01:30.518000,MEDIUM,21.0,2.0,1,,,0 days 00:00:30.048000,0 days 00:00:34.700000,0 days 00:00:25.770000,3.0,90.518,30.048,34.7,25.77,2025,Miami,R
RUS,54.0,0 days 00:01:30.516000,MEDIUM,22.0,2.0,1,,,0 days 00:00:29.877000,0 days 00:00:34.924000,0 days 00:00:25.715000,3.0,90.516,29.877,34.924,25.715,2025,Miami,R
RUS,55.0,0 days 00:01:30.789000,MEDIUM,23.0,2.0,1,,,0 days 00:00:30.054000,0 days 00:00:34.941000,0 days 00:00:25.794000,3.0,90.789,30.054,34.941,25.794,2025,Miami,R
RUS,56.0,0 days 00:01:31.001000,MEDIUM,24.0,2.0,1,,,0 days 00:00:30.071000,0 days 00:00:35.199000,0 days 00:00:25.731000,3.0,91.001,30.071,35.199,25.731,2025,Miami,R
RUS,57.0,0 days 00:01:31.005000,MEDIUM,25.0,2.0,1,,,0 days 00:00:30.205000,0 days 00:00:35.031000,0 days 00:00:25.769000,3.0,91.005,30.205,35.031,25.769,2025,Miami,R
