Year,GrandPrix,Driver,Stint,Compound,Laps,StartLap,StartTyreLife,MaxAgeFromStart,QuadraticLinearTerm,Curvature,LinearAdjustedR2,QuadraticAdjustedR2,AdjustedR2Improvement,TurningPoint,TurningTyreLife,FalloffWithinStint,CredibleFalloff
2024,Las Vegas,RUS,1,MEDIUM,10,2.0,3.0,9.0,-0.23981060606060786,0.02421969696969711,-0.029972881967151865,0.6781848396423014,0.7081577216094532,4.9507350641226235,7.9507350641226235,True,True
2024,Las Vegas,RUS,2,HARD,18,14.0,3.0,17.0,-0.11862706398348946,0.004797342621259089,0.6204356351239154,0.8553695449591716,0.2349339098352562,12.363830702627107,15.363830702627107,True,True
2024,Las Vegas,RUS,3,HARD,17,34.0,3.0,16.0,-0.3735641124870998,0.022137125902992754,-0.03031792194434524,0.8625505892175437,0.8928685111618889,8.437502549429803,11.437502549429803,True,True
2025,Bahrain,ANT,1,SOFT,10,2.0,5.0,9.0,0.09533636363636108,0.00743939393939425,0.9336573716665338,0.9404508469257314,0.006793475259197601,-6.4075356415474225,-1.4075356415474225,False,False
2025,Bahrain,ANT,2,MEDIUM,13,14.0,2.0,12.0,0.013404095904093699,0.004497002997003159,0.442598828837636,0.4156236592529545,-0.02697516958468149,-1.4903365544815406,0.5096634455184594,False,False
2025,Bahrain,ANT,4,SOFT,22,36.0,7.0,21.0,-0.15451753952569233,0.010177195087521197,0.3961176197421986,0.8083889060685543,0.4122712863263557,7.591361774874226,14.591361774874226,True,True
2025,Bahrain,RUS,1,SOFT,11,2.0,5.0,10.0,0.1488628205128216,-0.004574009324009423,0.9631196520622465,0.9770547445083113,0.013935092446064834,,,False,False
2025,Bahrain,RUS,2,MEDIUM,17,15.0,2.0,16.0,-0.005521929824561266,-0.0007066563467491952,0.2988035909993946,0.261837054294385,-0.0369665367050096,,,False,False
2025,Bahrain,RUS,3,SOFT,22,36.0,7.0,21.0,0.08874265951439814,-1.1998870694500763e-05,0.9386578810684468,0.9354299607843567,-0.0032279202840901355,,,False,False
2025,Barcelona-Catalunya,ANT,1,SOFT,19,2.0,5.0,18.0,-0.006067757629367406,0.002872770160695871,0.6393574701382079,0.6867603266912068,0.04740285655299892,1.0560812891306302,6.05608128913063,True,True
2025,Barcelona-Catalunya,ANT,2,MEDIUM,26,23.0,2.0,25.0,-0.04515735042735044,0.0019534188034187995,-0.02614924143790387,0.13384239211239235,0.15999163355029622,11.558542988405188,13.558542988405188,True,False
2025,Barcelona-Catalunya,RUS,1,SOFT,18,2.0,5.0,17.0,0.08987467750258003,-0.0029954205366357085,0.32807753148261876,0.3358407207291533,0.007763189246534519,,,False,False
2025,Barcelona-Catalunya,RUS,2,MEDIUM,19,22.0,2.0,18.0,0.15688577325667158,-0.006258956214064603,0.4606904962356432,0.6901194474007648,0.22942895116512163,,,False,False
2025,Barcelona-Catalunya,RUS,3,SOFT,12,43.0,2.0,11.0,0.09204620379620258,-0.004052197802197625,0.5959947422520288,0.6036956032399344,0.007700860987905678,,,False,False
2025,Canada,ANT,1,MEDIUM,12,2.0,8.0,11.0,-0.22774900099899964,0.025209540459540294,0.19978824651184612,0.9154150478397041,0.7156268013278579,4.517119250240247,12.517119250240247,True,True
2025,Canada,ANT,2,HARD,22,16.0,3.0,21.0,-0.06976358695652149,0.001273044889892689,0.8526298538319174,0.8714861722931614,0.018856318461244026,27.400285532115916,30.400285532115916,False,False
2025,Canada,ANT,3,HARD,25,40.0,2.0,26.0,-0.05773274428753295,0.0006793078832933738,0.9149069899040608,0.9245780453536142,0.009671055449553378,42.493798252154114,44.493798252154114,False,False
2025,Canada,RUS,1,MEDIUM,11,2.0,5.0,10.0,-0.04514813519813802,0.009906177156177535,0.46664938600679273,0.571143563460869,0.1044941774540763,2.2787869874699065,7.278786987469907,True,True
2025,Canada,RUS,2,HARD,27,15.0,3.0,26.0,-0.0443341754031412,0.0009866952970401207,0.5180337584347006,0.5763387909208877,0.058305032486187125,22.465991039044393,25.465991039044393,True,True
2025,Canada,RUS,3,HARD,21,44.0,2.0,22.0,-0.03902955288817195,-0.0008191399014813533,0.8681685596157407,0.8685518166228668,0.00038325700712615873,,,False,False
2025,Emilia Romagna,ANT,1,HARD,27,2.0,2.0,26.0,0.06537674834743781,-0.0016248852679887089,0.26189411442319455,0.30615233124256,0.04425821681936548,,,False,False
2025,Emilia Romagna,ANT,2,MEDIUM,13,32.0,3.0,12.0,-0.01626873126873126,-0.0023356643356643356,0.5694789381310621,0.5486426653221539,-0.020836272808908207,,,False,False
2025,Emilia Romagna,RUS,1,MEDIUM,9,2.0,5.0,8.0,-0.18723419913420117,0.039391774891775276,0.5432531253075228,0.8569002396737407,0.31364711436621795,2.376564646409146,7.376564646409146,True,True
2025,Emilia Romagna,RUS,2,HARD,15,13.0,2.0,14.0,0.15566167582417378,-0.008725961538461337,0.25760431930724514,0.5580461489971726,0.3004418296899275,,,False,False
2025,Emilia Romagna,RUS,3,HARD,24,31.0,2.0,32.0,-0.10503832982812489,0.002277624076713874,0.372514195200051,0.45484629626000006,0.08233210105994904,23.05875032276459,25.05875032276459,True,False
2025,Japan,ANT,1,MEDIUM,29,2.0,2.0,28.0,-0.019368386390521557,-0.000958993237636201,0.8285790271005862,0.8435791336200893,0.01500010651950312,,,False,False
2025,Japan,ANT,2,HARD,21,33.0,2.0,20.0,-0.005040426164226239,-0.001219991678801688,0.589949647517457,0.6011026593383706,0.01115301182091355,,,False,False
2025,Japan,RUS,1,MEDIUM,17,2.0,2.0,16.0,-0.07977747678018521,0.0037408410732713893,0.48458522420259675,0.8433655367252423,0.35878031252264553,10.663040104831197,12.663040104831197,True,True
2025,Japan,RUS,2,HARD,33,21.0,2.0,32.0,-0.14651125736218268,0.0026562153453756963,0.781626059473927,0.8877809132004568,0.10615485372652977,27.578949428413164,29.578949428413164,True,True
2025,Miami,ANT,1,MEDIUM,21,4.0,4.0,20.0,0.018161868109008304,-0.0016125739249309324,0.26658195322114264,0.3544225591467144,0.08784060592557175,,,False,False
2025,Miami,ANT,2,HARD,28,27.0,2.0,30.0,0.0017327549076417655,-0.0007282728776057774,0.16319291509340816,0.14593293814599262,-0.017259976947415545,,,False,False
2025,Miami,RUS,1,HARD,25,4.0,4.0,24.0,0.026977480490523346,-0.0023971386101820542,0.6348138406976349,0.7989222184796844,0.16410837778204945,,,False,False
2025,Miami,RUS,2,MEDIUM,26,31.0,2.0,26.0,-0.005105305745661798,-5.7902815892903656e-05,0.08324660303337383,0.04388022408557146,-0.03936637894780237,,,False,False
2025,Singapore,ANT,1,MEDIUM,22,2.0,2.0,22.0,-0.20384033118731984,0.0058168355820581805,0.5087037993101534,0.6072814164271628,0.09857761711700941,17.521582681145226,19.521582681145226,True,True
2025,Singapore,ANT,2,HARD,35,27.0,2.0,35.0,-0.000834087043030743,0.0005861703830769292,0.18301456143121675,0.17367868135755604,-0.009335880073660707,0.7114714996793663,2.7114714996793663,True,False
2025,Singapore,RUS,1,MEDIUM,22,2.0,2.0,22.0,-0.22442659386052646,0.009156600096058233,0.07040157843521355,0.7223747852745405,0.6519732068393269,12.254908563558347,14.254908563558347,True,True
2025,Singapore,RUS,2,HARD,35,27.0,2.0,35.0,0.10088359167718322,-0.0023836297207875546,0.1405628788949299,0.3876824984103554,0.2471196195154255,,,False,False
