Year,GrandPrix,Driver,Stint,Compound,Laps,StartLap,EndLap,StartTyreLife,EndTyreLife,TyreAgeRange,NumSegments,MedianLapTime,MedianSmoothedLapTime,RawSlope,RawR2,SmoothedSlope,SmoothedR2
2024,Las Vegas,RUS,1,MEDIUM,10,2.0,11.0,3.0,12.0,9.0,1,98.685,98.68299999999999,-0.023872727272727833,0.06581299451061096,-0.02183333333333389,0.08446854936253168
2024,Las Vegas,RUS,2,HARD,18,14.0,31.0,3.0,20.0,17.0,1,97.73150000000001,97.64075,-0.03171413828689391,0.4053433284651281,-0.03707223942208498,0.6427629507048698
2024,Las Vegas,RUS,3,HARD,17,34.0,50.0,3.0,19.0,16.0,1,96.407,96.36,-0.018970588235294003,0.024815632224839512,-0.0193700980392157,0.03407694817718088
2025,Bahrain,ANT,1,SOFT,10,2.0,11.0,5.0,14.0,9.0,1,98.7695,98.7695,0.17158787878787907,0.9306154940829838,0.1622909090909094,0.9410287748146962
2025,Bahrain,ANT,2,MEDIUM,13,14.0,26.0,2.0,14.0,12.0,1,98.744,98.744,0.07987362637362627,0.40943909298196635,0.06736813186813162,0.4890489264345039
2025,Bahrain,ANT,4,SOFT,22,36.0,57.0,7.0,28.0,21.0,1,97.739,97.739,0.053517786561264824,0.21391892726674633,0.059203557312252776,0.4248739235639972
2025,Bahrain,RUS,1,SOFT,11,2.0,12.0,5.0,15.0,10.0,1,98.686,98.686,0.11394545454545493,0.8732901260797037,0.10312272727272735,0.9668076868560246
2025,Bahrain,RUS,2,MEDIUM,17,15.0,31.0,2.0,18.0,16.0,1,98.018,97.996,-0.0148872549019605,0.16046665238651092,-0.016828431372548393,0.34262836656193285
2025,Bahrain,RUS,3,SOFT,22,36.0,57.0,7.0,28.0,21.0,1,96.746,96.746,0.09052230378317333,0.8969963423131221,0.08849068322981364,0.9415789343509021
2025,Barcelona-Catalunya,ANT,1,SOFT,19,2.0,20.0,5.0,23.0,18.0,1,81.899,81.991,0.04355087719298291,0.5289763666407212,0.04564210526315827,0.6593931662416401
2025,Barcelona-Catalunya,ANT,2,MEDIUM,26,23.0,48.0,2.0,27.0,25.0,1,80.7005,80.708,0.002068034188034046,0.0022604019322195468,0.00367811965811953,0.014896728219604083
2025,Barcelona-Catalunya,RUS,1,SOFT,18,2.0,19.0,5.0,22.0,17.0,1,81.6545,81.6545,0.04781424148606836,0.3089134520965825,0.03895252837977299,0.3676023825718724
2025,Barcelona-Catalunya,RUS,2,MEDIUM,19,22.0,40.0,2.0,20.0,18.0,1,80.427,80.427,0.047842105263157964,0.43703528781873957,0.04422456140350874,0.49065213533365737
2025,Barcelona-Catalunya,RUS,3,SOFT,12,43.0,54.0,2.0,13.0,11.0,1,79.3155,79.351,0.05994755244755289,0.516055311322906,0.047472027972028694,0.6327224929563986
2025,Barcelona-Catalunya,RUS,4,SOFT,6,61.0,66.0,9.0,14.0,5.0,1,78.15899999999999,77.89625,0.03839999999999983,0.010943103056372805,0.10450000000000037,0.261985921378032
2025,Canada,ANT,1,MEDIUM,12,2.0,13.0,8.0,19.0,11.0,1,76.4375,76.439,0.05687062937062891,0.2153391210081732,0.04955594405594355,0.2725347695562288
2025,Canada,ANT,2,HARD,22,16.0,37.0,3.0,24.0,21.0,1,75.70949999999999,75.697,-0.04488594014680991,0.6297287912736464,-0.04302964426877502,0.8596474798399254
2025,Canada,ANT,3,HARD,25,40.0,66.0,2.0,28.0,26.0,2,74.86,74.817,-0.03973469029213947,0.8317059881105094,-0.040235229896596905,0.9184525319913874
2025,Canada,RUS,1,MEDIUM,11,2.0,12.0,5.0,15.0,10.0,1,76.413,76.384,0.05722727272727303,0.4197635779295622,0.05391363636363737,0.5199844474061135
2025,Canada,RUS,2,HARD,27,15.0,41.0,3.0,29.0,26.0,1,75.735,75.701,-0.023120879120879186,0.3860062502562108,-0.018680097680098054,0.5365709215718157
2025,Canada,RUS,3,HARD,21,44.0,66.0,2.0,24.0,22.0,2,74.869,74.869,-0.05728158358379106,0.8147185358098787,-0.057037387294020005,0.8747601316349529
2025,Emilia Romagna,ANT,1,HARD,27,2.0,28.0,2.0,28.0,26.0,1,82.336,82.336,0.02006105006105002,0.12105350639462453,0.023129731379731375,0.29028280232999115
2025,Emilia Romagna,ANT,2,MEDIUM,13,32.0,44.0,3.0,15.0,12.0,1,81.019,81.086,-0.047065934065933915,0.17835552453945047,-0.04429670329670329,0.605355693286826
2025,Emilia Romagna,RUS,1,MEDIUM,9,2.0,10.0,5.0,13.0,8.0,1,81.707,81.707,0.1470833333333339,0.5294317527975043,0.1279000000000011,0.600346484644094
2025,Emilia Romagna,RUS,2,HARD,15,13.0,27.0,2.0,16.0,14.0,1,81.57,81.57,0.03244642857142896,0.1748889847747762,0.03349821428571506,0.3106325822138821
2025,Emilia Romagna,RUS,3,HARD,24,31.0,63.0,2.0,34.0,32.0,2,80.4965,80.509,-0.03176062445793576,0.2894449622851957,-0.03077948829141374,0.39979618671310135
2025,Japan,ANT,1,MEDIUM,29,2.0,30.0,2.0,30.0,28.0,1,93.774,93.861,-0.04600394088669967,0.7854573731713845,-0.04622019704433517,0.8347012047041339
2025,Japan,ANT,2,HARD,21,33.0,53.0,2.0,22.0,20.0,1,91.4,91.44300000000001,-0.025667532467532627,0.3796206765443292,-0.02944025974025999,0.610452165141589
2025,Japan,RUS,1,MEDIUM,17,2.0,18.0,2.0,18.0,16.0,1,93.86,93.864,-0.019526960784313832,0.3041078976930184,-0.019924019607842947,0.516798647689952
2025,Japan,RUS,2,HARD,33,21.0,53.0,2.0,34.0,32.0,1,91.936,91.923,-0.06285895721925135,0.7158670508760729,-0.06151236631016043,0.7884502451153663
2025,Miami,ANT,1,MEDIUM,21,4.0,24.0,4.0,24.0,20.0,1,92.878,92.878,-0.019733766233766145,0.2307655315789663,-0.014089610389610338,0.30325285556010007
2025,Miami,ANT,2,HARD,28,27.0,57.0,2.0,32.0,30.0,3,91.10849999999999,91.10849999999999,-0.021401681759379065,0.17870591044822837,-0.021234691677447046,0.19418577008994864
2025,Miami,RUS,1,HARD,25,4.0,28.0,4.0,28.0,24.0,1,92.755,92.779,-0.03743076923076906,0.40102770866453186,-0.030553846153845945,0.6500299306685657
2025,Miami,RUS,2,MEDIUM,26,31.0,57.0,2.0,28.0,26.0,2,90.8425,90.837,-0.006079575799191103,0.054008908475856376,-0.006637165890999696,0.1199167389120327
2025,Singapore,ANT,1,MEDIUM,22,2.0,24.0,2.0,24.0,22.0,2,97.708,97.705,-0.08975228587423023,0.44764029509986225,-0.0761695278969957,0.5320988564858622
2025,Singapore,ANT,2,HARD,35,27.0,62.0,2.0,37.0,35.0,2,96.486,96.49,0.030498661430063426,0.20714195854511186,0.0196902313813748,0.20704354491853394
2025,Singapore,RUS,1,MEDIUM,22,2.0,24.0,2.0,24.0,22.0,2,97.006,96.99600000000001,-0.028127355849971954,0.11232890588614408,-0.02345297630154879,0.11466816993829865
2025,Singapore,RUS,2,HARD,35,27.0,62.0,2.0,37.0,35.0,2,96.189,96.223,0.017221386228910108,0.13349681676887004,0.01742257623229327,0.16584044128037767
